"datafilename","datafiledescription"
"PbCd_D","Cadmium, Lead, & Total Mercury - Blood"
"PP_D","Pesticides - Environmental - Urine"
"PHTHTE_D","Phthalates - Urine"
"OPD_D","Organophosphate Insecticides - Diakyl Phosphate Metabolites - Urine"
"VOC_D","Volatile Organic Compounds - Water & Related Questionnaire Items"
"UPP_D","Pesticides - Current Use - Urine (Formerly Priority Pesticides, Non-persistent Pesticide Metabolites)"
"TCHOL_D","Cholesterol - Total"
"HDL_D","Cholesterol - HDL"
"HSV_D","Herpes Simplex Virus Type-1 & Type-2"
"VIT_B6_D","Vitamin B6"
"PERNT_D","Perchlorate, Nitrate & Thiocyanate - Urine"
"AL_IGE_D","Allergen Specific IgE(s) & Total IgE - Serum"
"CBC_D","Complete Blood Count with 5-Part Differential - Whole Blood"
"CRP_D","C-Reactive Protein (CRP)"
"EPH_D","Environmental Phenols & Parabens"
"EPP_D","Erythrocyte Protoporphyrin"
"FERTIN_D","Ferritin"
"FOLATE_D","Folate - RBC & Serum"
"GHB_D","Glycohemoglobin"
"HEPA_D","Hepatitis A Antibody"
"HEPBD_D","Hepatitis B: Core antibody, Surface antigen, and Hepatitis D: antibody"
"HEPB_S_D","Hepatitis B Surface Antibody"
"HEPC_D","Hepatitis C: Confirmed Antibody, RNA (HCV-RNA), & Genotype"
"HCY_D","Homocysteine"
"HIV_D","HIV Antibody Test, CD4+ T Lymphocytes & CD8+ T Cells"
"FETIB_D","Iron, Total Iron Binding Capacity (TIBC), & Transferrin Saturation"
"PTH_D","Parathyroid Hormone"
"WPIN_D","Perchlorate, Nitrate & Iodide - Tap Water"
"FASTQX_D","Fasting Questionnaire"
"GLU_D","Plasma Fasting Glucose & Insulin"
"PFC_D","Polyfluoroalkyl Chemicals"
"PSA_D","Prostate Specific Antigen (PSA)"
"COT_D","Cotinine - Serum"
"BIOPRO_D","Standard Biochemistry Profile"
"UAS_D","Arsenics - Total & Speciated - Urine"
"IHg_D","Mercury: Inorganic - Blood"
"TFR_D","Transferrin Receptor"
"TRIGLY_D","Cholesterol - LDL, Triglyceride & Apoliprotein (ApoB)"
"OGTT_D","Oral Glucose Tolerance Test"
"ALB_CR_D","Albumin & Creatinine - Urine"
"CHLMDA_D","Chlamydia & Gonorrhea - Urine"
"UIO_D","Iodine - Urine"
"UHG_D","Mercury: Inorganic - Urine"
"UHM_D","Metals - Urine"
"UCPREG_D","Pregnancy Test - Urine"
"VITAEC_D","Vitamin A, Vitamin E & Carotenoids"
"B12_D","Vitamin B12"
"VIC_D","Vitamin C"
"PHYTO_D","Phytoestrogens - Urine"
"VOCWB_D","Volatile Organic Compounds - Blood & Related Questionnaire Items"
"SSEBV_D","Epstein-Barr Virus (VCA IgG) - Serum (Surplus)"
"CARB_D","Pesticides - Carbamates & Organophosphorus Metabolites - Urine"
"ALDUST_D","Allergens - Household Dust"
"PAH_D","Polyaromatic Hydrocarbons (PAHs) - Urine"
"DOXPOL_D","Polychlorinated dibenzo-p-dioxins (PCDDs), Dibenzofurans (PCDFs) & Coplanar Polychlorinated Biphenyls (cPCBs)  - Pooled Samples"
"BFRPOL_D","Brominated Flame Retardants (BFRs) - Pooled Samples"
"PCBPOL_D","Non-dioxin-like Polychlorinated Biphenyls & Mono-ortho-substituted Polychlorinated Biphenyls - Pooled Samples"
"PSTPOL_D","Pesticides - Organochlorine Pesticides - Pooled Samples"
"HPVSRM_D","Human Papillomavirus (HPV) - Multiplexed 6, 11, 16, 18, 31, 33, 45, 52 & 58 Antibody – Serum: 9-plex CLIA"
"SSUVOC_D","Volatile Organic Compound (VOC) Metabolites - Urine (Surplus)"
"SSSAL_D","Salmonella & Campylobacter Antibodies (Surplus)"
"AMDGYD_D","Acrylamide & Glycidamide"
"VID_D","Vitamin D"
"HPVSER_D","Human Papillomavirus (HPV) - 6, 11, 16 & 18 Antibody – Serum: 4-plex CLIA"
"HPVSWR_D","Human Papillomavirus (HPV) DNA - Vaginal Swab: Digene Hybrid Capture & Roche Linear Array"
"SSEVD_D","Enterovirus D68 (EV-D68) - Serum (Surplus)"
